method,num_nodes,num_edges,mean_ratio,std_ratio,mean_retention,median_proposal_ms,median_total_ms,speedup_vs_classical,delta_vs_full
Classical depth-2 search,16.0,18.0,0.8627592975757077,0.021637314764851936,1.0,19687.060666499972,19687.060666499972,1.0,0.0005062291038372413
Random initialization,16.0,18.0,0.5875842343245226,0.0963694416743706,0.6796162301565797,0.01752049996639471,6.042686999933267,3257.9977527741203,-0.2746688341473479
Heuristic initialization,16.0,18.0,0.8622511000555301,0.021427745369445347,0.9994157623437642,0.003104499967321317,6.081708500005334,3237.0937650962237,-1.9684163403699273e-06
Descriptor k-NN regressor,16.0,18.0,0.8621863320905879,0.021271371854385147,0.9993443349759579,0.6361669999819242,6.685874999959651,2944.575043149742,-6.673638128251724e-05
Prior-style graph-feature regressor,16.0,18.0,0.8595303793058754,0.02324562879818432,0.9962305113079699,0.29489549996242204,6.346582499929809,3101.9939734050104,-0.0027226891659950514
GNN without graph edges,16.0,18.0,0.8622358334654523,0.02145456495518835,0.9993974340790607,6.240936999972746,12.296396000010645,1601.0431565869324,-1.7235006418148124e-05
GNN without node features,16.0,18.0,0.8622328125569799,0.021454691554039697,0.9993939294723276,6.181792000006681,12.247540999965167,1607.4296600889895,-2.0255914890521254e-05
Graph-conditioned GNN (ours),16.0,18.0,0.8622530684718704,0.021451805576461085,0.9994174741665304,6.105541000010817,12.167479000027015,1618.0065456826565,0.0
