gamma_1,gamma_2,beta_1,beta_2
0.5426563070737013,1.0564138737430464,0.4725067764281697,0.25782148107301195
