opt_gamma,opt_beta
2.4774235503542537,2.0706515253950237
