opt_gamma,opt_beta
2.477426145718621,0.4998573532659406
