opt_gamma,opt_beta
0.48879814432400803,0.31203363107157056
