opt_gamma,opt_beta
0.4887854769146614,0.31202850931111736
