gamma_1,gamma_2,beta_1,beta_2
0.36972388404299195,0.914073557075365,0.3768296531518385,0.2102799260303727
